{"i":1000,"val_loss_history":[1.8735431432724],"val_loss_history_it":[1000],"forward_backward_times":{},"opt":{"max_epochs":50,"checkpoint_every":1000,"batch_size":50,"memory_benchmark":0,"init_from":"","grad_clip":5,"model_type":"lstm","lr_decay_every":5,"print_every":1,"wordvec_size":64,"seq_length":50,"input_json":"data\/transcendtexttype2.json","num_layers":2,"input_h5":"data\/transcendtexttype2.h5","reset_iterations":1,"rnn_size":128,"dropout":0,"checkpoint_name":"cv\/checkpoint","batchnorm":0,"learning_rate":0.002,"speed_benchmark":0,"gpu_backend":"cuda","lr_decay_factor":0.5,"gpu":-1},"train_loss_history":[4.6535630226135,4.5390434265137,4.3629088401794,4.1473956108093,3.8784914016724,3.6779565811157,3.4573593139648,3.3320109844208,3.2181174755096,3.1738674640656,3.1023919582367,3.1163296699524,3.0637905597687,3.0564517974854,3.0708494186401,3.0862052440643,3.0620946884155,3.0436713695526,3.0151488780975,3.0452973842621,3.0693912506104,3.0558924674988,3.0259099006653,3.0578105449677,3.0635221004486,3.111433506012,3.0391883850098,3.0810029506683,3.0358455181122,3.0470650196075,3.0852887630463,3.0421147346497,3.0814905166626,3.0383071899414,3.0632555484772,3.0139706134796,3.0215499401093,2.9908258914948,3.0168602466583,3.0106945037842,2.9964442253113,2.9689185619354,2.9490237236023,2.9443347454071,2.9611463546753,2.9259247779846,2.9500637054443,2.9416024684906,2.969043970108,2.9554612636566,2.8928713798523,2.9512672424316,2.8851516246796,2.8610010147095,2.900801897049,2.8571004867554,2.8608963489532,2.8571112155914,2.8549673557281,2.8497364521027,2.8079483509064,2.8530378341675,2.8186626434326,2.7847096920013,2.7856698036194,2.8206996917725,2.7838952541351,2.7842125892639,2.7356064319611,2.6953985691071,2.7148940563202,2.7149577140808,2.697386264801,2.6776673793793,2.6988530158997,2.6740062236786,2.6767621040344,2.6569561958313,2.705680847168,2.705108165741,2.6425879001617,2.6144926548004,2.6572813987732,2.6171894073486,2.6519072055817,2.6260130405426,2.6205379962921,2.5877549648285,2.6028890609741,2.5485842227936,2.5659203529358,2.5896413326263,2.5273251533508,2.5167899131775,2.529345035553,2.5252063274384,2.6112103462219,2.5992233753204,2.5648150444031,2.5395793914795,2.5436947345734,2.5369763374329,2.5054879188538,2.4787411689758,2.51220703125,2.5094072818756,2.5022656917572,2.5016121864319,2.525399684906,2.4685399532318,2.5272629261017,2.4650101661682,2.4756410121918,2.4952909946442,2.4426596164703,2.4362685680389,2.4445323944092,2.4816935062408,2.4400241374969,2.3822457790375,2.462278842926,2.3690981864929,2.4409828186035,2.4497087001801,2.4434134960175,2.4468276500702,2.3965423107147,2.4252686500549,2.410418510437,2.3872063159943,2.4098081588745,2.4504947662354,2.4320323467255,2.4197442531586,2.439343214035,2.4081606864929,2.403795003891,2.4479553699493,2.383697271347,2.4862513542175,2.3403744697571,2.3516230583191,2.3251216411591,2.3678865432739,2.3563508987427,2.3566651344299,2.4255714416504,2.322585105896,2.4096112251282,2.3145921230316,2.3360373973846,2.3320455551147,2.2864849567413,2.3538653850555,2.3108479976654,2.3255934715271,2.3081090450287,2.3688213825226,2.326034784317,2.3242645263672,2.3339645862579,2.3519062995911,2.2764985561371,2.2877817153931,2.2967348098755,2.3499083518982,2.2471616268158,2.3490867614746,2.3665246963501,2.3080813884735,2.3295066356659,2.3021583557129,2.3314549922943,2.2721366882324,2.2768006324768,2.2638981342316,2.2504727840424,2.2638168334961,2.270005941391,2.2489311695099,2.2426781654358,2.3023247718811,2.2902631759644,2.2792499065399,2.3172626495361,2.2886319160461,2.3025968074799,2.2487797737122,2.217661857605,2.2438459396362,2.2875618934631,2.2675321102142,2.2572951316833,2.240793466568,2.2554337978363,2.2854497432709,2.222939491272,2.2218000888824,2.1965844631195,2.2304360866547,2.240021944046,2.2474765777588,2.2289853096008,2.1927425861359,2.1936202049255,2.274843454361,2.2432374954224,2.2813651561737,2.1648116111755,2.2436950206757,2.2328550815582,2.2579102516174,2.1812300682068,2.2051610946655,2.186154127121,2.2118747234344,2.2046785354614,2.1792936325073,2.1875145435333,2.1979219913483,2.1833131313324,2.1852469444275,2.1610264778137,2.1879034042358,2.1740987300873,2.1726653575897,2.1629304885864,2.176123380661,2.1648738384247,2.1465876102448,2.1471071243286,2.1546094417572,2.1391649246216,2.2440645694733,2.1591787338257,2.1738185882568,2.1135544776917,2.1551578044891,2.2430231571198,2.1713461875916,2.1510901451111,2.1641058921814,2.1021220684052,2.1042716503143,2.1096472740173,2.1276688575745,2.2138135433197,2.1485512256622,2.120130777359,2.157910823822,2.1245534420013,2.1283521652222,2.1468274593353,2.1232953071594,2.1586141586304,2.1093511581421,2.1665046215057,2.1577243804932,2.154447555542,2.1874179840088,2.1467256546021,2.1662192344666,2.1407768726349,2.1613450050354,2.1396207809448,2.1620237827301,2.0896897315979,2.1212832927704,2.114629983902,2.0974116325378,2.0909795761108,2.1148180961609,2.0590863227844,2.0617265701294,2.1195454597473,2.1333358287811,2.0702927112579,2.1190500259399,2.1001644134521,2.0640599727631,2.0963277816772,2.1456718444824,2.0565350055695,2.1429405212402,2.0832254886627,2.0845875740051,2.0347213745117,2.0914449691772,2.0946245193481,2.0842065811157,2.0501713752747,2.0458960533142,2.0944840908051,2.1045849323273,2.0304176807404,2.0968735218048,2.0910923480988,2.0071756839752,2.0494108200073,2.0965881347656,2.0677359104156,2.1016426086426,2.0617208480835,2.1068830490112,2.0891711711884,2.0671513080597,2.0457811355591,2.0616011619568,2.0657994747162,2.0591790676117,2.0095210075378,2.0642216205597,2.0004835128784,2.0607132911682,2.0944635868073,2.0597720146179,2.0235230922699,2.0396673679352,2.0689852237701,2.1367430686951,2.1035323143005,2.0517687797546,2.0298843383789,1.9927214384079,2.0993251800537,2.0683500766754,2.0493021011353,2.0317611694336,2.0460524559021,2.1161165237427,2.0575356483459,2.0268709659576,2.0489680767059,2.046329498291,2.060631275177,2.0381999015808,2.0433773994446,2.0463030338287,2.0423033237457,2.085125207901,2.1152837276459,2.020711183548,2.0351092815399,2.0011880397797,1.982649564743,2.0610806941986,2.0083284378052,2.0590608119965,1.9817739725113,2.0367448329926,2.0223383903503,2.020131111145,2.0191390514374,2.0018527507782,2.0365686416626,1.9774941205978,2.018542766571,2.0022058486938,2.017938375473,1.9661537408829,1.9736104011536,1.9939150810242,2.0263757705688,2.0149953365326,2.0196785926819,2.0388383865356,2.0048885345459,2.0522541999817,2.0131995677948,2.0352349281311,1.9918825626373,2.008781671524,2.0196540355682,2.0284876823425,2.0278794765472,2.0382542610168,2.031023979187,2.0264670848846,2.0881915092468,2.1373686790466,2.0612053871155,2.007904291153,2.0317325592041,2.0014197826385,2.0363838672638,2.0508208274841,1.9411187171936,2.0186369419098,1.997695684433,2.0006160736084,1.9847115278244,1.9766285419464,2.0016946792603,1.9753620624542,1.9703140258789,2.0101182460785,2.0135126113892,1.9467519521713,1.9995790719986,2.0227987766266,1.9691499471664,2.0185868740082,1.9515480995178,1.9501935243607,1.9914834499359,1.9622980356216,1.9718846082687,1.9887844324112,2.0274851322174,1.9740968942642,1.9551568031311,1.9722425937653,1.9241832494736,1.9930202960968,1.9062004089355,1.9358398914337,2.010915517807,1.9730203151703,2.038106918335,2.0028874874115,1.9325217008591,1.9693695306778,1.9498921632767,1.9575947523117,1.9246034622192,1.9677379131317,1.9421429634094,1.9806914329529,1.9603501558304,1.9531892538071,2.0267145633698,1.9902968406677,2.0201709270477,2.0270946025848,1.978080034256,2.0033955574036,1.9992583990097,2.0301873683929,2.042144536972,1.9712985754013,2.0355243682861,1.9651148319244,1.9587788581848,1.928990483284,1.9472650289536,1.961350440979,1.9012031555176,1.9516797065735,2.0158805847168,1.9983689785004,1.9349751472473,1.9618757963181,1.9966156482697,1.9477758407593,1.9918142557144,1.9610371589661,1.95454454422,1.9946959018707,1.9648314714432,1.9803078174591,1.9528059959412,2.0083673000336,1.9848079681396,1.9724910259247,